id_attribute_group;group_name;group_position;id_attribute;attr_name;attr_position;
"4";"Контейнер";"0";"276";"BR - голий корінь";"0";
"4";"Контейнер";"0";"303";"RB - ком";"1";
"4";"Контейнер";"0";"32";"WRB - ком/сітка";"2";
"4";"Контейнер";"0";"105";"Касета 8х13";"3";
"4";"Контейнер";"0";"551";"P8.5";"4";
"4";"Контейнер";"0";"22";"P9 - горщик 9х9х9";"5";
"4";"Контейнер";"0";"546";"P9.5";"6";
"4";"Контейнер";"0";"400";"P10.5 - горщик 0.5л";"7";
"4";"Контейнер";"0";"480";"P11 - горщ. D11cm";"8";
"4";"Контейнер";"0";"254";"P12 - горщик 0.9л";"9";
"4";"Контейнер";"0";"543";"P14";"10";
"4";"Контейнер";"0";"548";"P15";"11";
"4";"Контейнер";"0";"29";"C1 - горщик 1л";"12";
"4";"Контейнер";"0";"141";"C1,5 - горщик 1,5л";"13";
"4";"Контейнер";"0";"30";"C2 - горщик 2л";"14";
"4";"Контейнер";"0";"31";"C5 - горщик 5л";"15";
"4";"Контейнер";"0";"181";"C7.5 - горщик 7,5л";"16";
"4";"Контейнер";"0";"33";"C10 - горщик 10л";"17";
"4";"Контейнер";"0";"36";"C15 - горщик 15л";"18";
"4";"Контейнер";"0";"74";"C15-C20 - горщик 15-20л";"19";
"4";"Контейнер";"0";"73";"C25 - горщик 25л";"20";
"4";"Контейнер";"0";"152";"C30-C35 - горщик 30-35л";"21";
"4";"Контейнер";"0";"161";"C50 - горщик 50л";"22";
"4";"Контейнер";"0";"143";"C80 - горщик 80л";"23";
"4";"Контейнер";"0";"190";"C2-C5 - горщик 2-5л";"24";
"4";"Контейнер";"0";"194";"C5-C7 - горщик 5-7л";"25";
"4";"Контейнер";"0";"290";"C100 - горщ. 100л";"26";
"4";"Контейнер";"0";"196";"C110 - горщик 110л";"27";
"4";"Контейнер";"0";"207";"C60 - горщик 60л";"28";
"4";"Контейнер";"0";"211";"C6.5 - горщик 6.5л";"29";
"4";"Контейнер";"0";"212";"C20 - горщик 20л";"30";
"4";"Контейнер";"0";"256";"C37.5 - горщик 37.5л";"31";
"4";"Контейнер";"0";"277";"C3 - горщик 3л";"32";
"4";"Контейнер";"0";"280";"C12 - горщик 12л";"33";
"4";"Контейнер";"0";"281";"C4,5 - горщик 4,5л";"34";
"4";"Контейнер";"0";"283";"C45 - горщик 45л";"35";
"4";"Контейнер";"0";"289";"C33.5 - горщик 33.5л";"36";
"4";"Контейнер";"0";"299";"CRB15 - ком/горщ. 15л";"37";
"4";"Контейнер";"0";"300";"CRB25 - ком/горщ. 25л";"38";
"4";"Контейнер";"0";"301";"CWRB25 - ком/сітка/горщ. 25л";"39";
"4";"Контейнер";"0";"316";"CRB20 - ком/горщ. 20л";"40";
"4";"Контейнер";"0";"322";"CWRB20 - ком/сітка/горщ. 20л";"41";
"4";"Контейнер";"0";"324";"CWRB100 - ком/сітка/горщ. 100л";"42";
"4";"Контейнер";"0";"325";"CWRB130 - ком/сітка/горщ. 130л";"43";
"4";"Контейнер";"0";"326";"CWRB15 - ком/сітка/горщ. 15л";"44";
"4";"Контейнер";"0";"327";"CWRB45 - ком/сітка/горщ. 45л";"45";
"4";"Контейнер";"0";"333";"CWRB35 - ком/сітка/горщ. 35л";"46";
"4";"Контейнер";"0";"335";"CWRB80 - ком/сітка/горщ. 80л";"47";
"4";"Контейнер";"0";"336";"C6 - горщик 6л";"48";
"4";"Контейнер";"0";"337";"C3.6 - горщик 3,6л";"49";
"4";"Контейнер";"0";"339";"C4 - горщик 4л";"50";
"4";"Контейнер";"0";"340";"C18 - горщик 18л";"51";
"4";"Контейнер";"0";"342";"C2.5 - горщик 2,5л";"52";
"4";"Контейнер";"0";"343";"BR+C33.5 - кор./горщ. 33.5л";"53";
"4";"Контейнер";"0";"350";"C35 - горщик 35л";"54";
"4";"Контейнер";"0";"351";"C0.5 - горщик 0.5л";"55";
"4";"Контейнер";"0";"364";"BR+C10 - кор./горщ. 10л";"56";
"4";"Контейнер";"0";"390";"CAP25 - кор/air-pot 25л";"57";
"4";"Контейнер";"0";"391";"CAP20 - кор/air-pot 20л";"58";
"4";"Контейнер";"0";"398";"Касета 9х16";"59";
"4";"Контейнер";"0";"408";"C30 - горщик 30л";"60";
"4";"Контейнер";"0";"414";"CAP35 - кор/air-pot 35л";"61";
"4";"Контейнер";"0";"415";"CRB7.5 - ком/горщ. 7.5л";"62";
"4";"Контейнер";"0";"416";"C1,2 - горщик 1,2л";"63";
"4";"Контейнер";"0";"417";"Касета 10х18";"64";
"4";"Контейнер";"0";"435";"горщик/сумка - 48л";"65";
"4";"Контейнер";"0";"438";"CWRB60 - ком/сітка/горщ. 60л";"66";
"4";"Контейнер";"0";"447";"CRB10 - ком/горщ. 10л";"67";
"4";"Контейнер";"0";"641";"C3.5 - горщик 3,5л";"68";
"4";"Контейнер";"0";"454";"C7 - горщик 7л";"69";
"4";"Контейнер";"0";"483";"CWRB10 - ком/сітка/горщ. 10л";"70";
"4";"Контейнер";"0";"545";"C9- горщ. об. 9л";"71";
"4";"Контейнер";"0";"549";"C40";"72";
"4";"Контейнер";"0";"640";"C16 - горщик 16л";"73";
"4";"Контейнер";"0";"639";"Касета 160 вічок";"74";
"4";"Контейнер";"0";"579";"C270";"75";
"4";"Контейнер";"0";"580";"C290";"76";
"4";"Контейнер";"0";"585";"WRB+WP1000 - дерев.бокс 1000л";"77";
"4";"Контейнер";"0";"624";"CRB35 - ком/горщ. 35л";"78";
"4";"Контейнер";"0";"638";"Капсула";"79";
"4";"Контейнер";"0";"645";"CWRB160 - ком/сітка/горщ. 160л";"80";
"4";"Контейнер";"0";"647";"WRB+WP840 - дерев.бокс 840л";"81";
"4";"Контейнер";"0";"649";"Касета 5шт";"82";
"4";"Контейнер";"0";"655";"BR+CAP25 - кор./air-pot 25л";"83";
"4";"Контейнер";"0";"656";"C3-C5 - горщик 3-5л";"84";
"4";"Контейнер";"0";"657";"C70 - горщик 70л";"85";
"4";"Контейнер";"0";"658";"C450 - горщик 450л";"86";
"4";"Контейнер";"0";"661";"C180 - горщик 180л";"87";
"4";"Контейнер";"0";"665";"C160 - горщик 160л";"88";
"4";"Контейнер";"0";"666";"C130 - горщик 130л";"89";
"4";"Контейнер";"0";"670";"C750 - горщик 750л";"90";
"4";"Контейнер";"0";"674";"P7";"91";
"4";"Контейнер";"0";"675";"C150 - горщик 150л";"92";
"20";"Обхват";"1";"267";"TG2-4см";"0";
"20";"Обхват";"1";"266";"TG4-6см";"1";
"20";"Обхват";"1";"268";"TG6-8см";"2";
"20";"Обхват";"1";"269";"TG8-10см";"3";
"20";"Обхват";"1";"274";"TG10-12см";"4";
"20";"Обхват";"1";"313";"TG10-15см";"5";
"20";"Обхват";"1";"294";"TG12-14см";"6";
"20";"Обхват";"1";"308";"TG14-16см";"7";
"20";"Обхват";"1";"312";"TG16-18см";"8";
"20";"Обхват";"1";"352";"TG18-20см";"9";
"20";"Обхват";"1";"353";"TG20-22см";"10";
"20";"Обхват";"1";"309";"TG22-24см";"11";
"20";"Обхват";"1";"354";"TG24-26см";"12";
"20";"Обхват";"1";"355";"TG26-28см";"13";
"20";"Обхват";"1";"356";"TG28-30см";"14";
"20";"Обхват";"1";"357";"TG30-32см";"15";
"20";"Обхват";"1";"358";"TG32-34см";"16";
"20";"Обхват";"1";"384";"TG10+см";"17";
"20";"Обхват";"1";"493";"TG10-14см";"18";
"20";"Обхват";"1";"494";"TG6-10см";"19";
"20";"Обхват";"1";"532";"TG34-36см";"20";
"20";"Обхват";"1";"534";"TG38-40см";"21";
"20";"Обхват";"1";"576";"TG34-40см";"22";
"20";"Обхват";"1";"577";"TG40-44см";"23";
"20";"Обхват";"1";"578";"TG30-34см";"24";
"20";"Обхват";"1";"581";"TG120-130см";"25";
"20";"Обхват";"1";"591";"TG20-25см";"26";
"20";"Обхват";"1";"593";"TG25-30см";"27";
"20";"Обхват";"1";"595";"TG30-36см";"28";
"20";"Обхват";"1";"602";"TG36-38см";"29";
"20";"Обхват";"1";"606";"TG14-18см";"30";
"20";"Обхват";"1";"609";"TG22-26см";"31";
"20";"Обхват";"1";"623";"TG27-32см";"32";
"20";"Обхват";"1";"652";"TG8-12см";"33";
"20";"Обхват";"1";"654";"TG18-22см";"34";
"13";"Висота штамба";"2";"188";"PA30см";"0";
"13";"Висота штамба";"2";"307";"PA30-50см";"1";
"13";"Висота штамба";"2";"204";"PA40-60см";"2";
"13";"Висота штамба";"2";"257";"PA60-80см";"3";
"13";"Висота штамба";"2";"208";"PA100-120см";"4";
"13";"Висота штамба";"2";"258";"PA80-100см";"5";
"13";"Висота штамба";"2";"259";"PA120-140см";"6";
"13";"Висота штамба";"2";"449";"PА120-150см";"7";
"13";"Висота штамба";"2";"413";"PА120-160см";"8";
"13";"Висота штамба";"2";"260";"PA140-160см";"9";
"13";"Висота штамба";"2";"261";"PA160-180см";"10";
"13";"Висота штамба";"2";"282";"PA150см";"11";
"13";"Висота штамба";"2";"295";"PA180см";"12";
"13";"Висота штамба";"2";"305";"PA60-100см";"13";
"13";"Висота штамба";"2";"306";"PA10-20см";"14";
"13";"Висота штамба";"2";"338";"PA80см";"15";
"13";"Висота штамба";"2";"346";"PA140см";"16";
"13";"Висота штамба";"2";"347";"PA110см";"17";
"13";"Висота штамба";"2";"349";"PA150-250см";"18";
"13";"Висота штамба";"2";"365";"PА180-200см";"19";
"13";"Висота штамба";"2";"366";"PА200-220см";"20";
"13";"Висота штамба";"2";"367";"PА100см";"21";
"13";"Висота штамба";"2";"368";"PA120см";"22";
"13";"Висота штамба";"2";"371";"PA50-60см";"23";
"13";"Висота штамба";"2";"372";"PА130см";"24";
"13";"Висота штамба";"2";"373";"PА170см";"25";
"13";"Висота штамба";"2";"374";"PА20см";"26";
"13";"Висота штамба";"2";"375";"PА70см";"27";
"13";"Висота штамба";"2";"376";"PА40см";"28";
"13";"Висота штамба";"2";"385";"PA110-130см";"29";
"13";"Висота штамба";"2";"397";"PA20-30см";"30";
"13";"Висота штамба";"2";"418";"PА40-50см";"31";
"13";"Висота штамба";"2";"419";"PA60см";"32";
"13";"Висота штамба";"2";"420";"PА30-40см";"33";
"13";"Висота штамба";"2";"421";"PА100-110см";"34";
"13";"Висота штамба";"2";"422";"PА70-80см";"35";
"13";"Висота штамба";"2";"451";"PA100-110см";"36";
"13";"Висота штамба";"2";"452";"PA90см";"37";
"13";"Висота штамба";"2";"453";"PA30-40см";"38";
"13";"Висота штамба";"2";"470";"PA90-100см";"39";
"13";"Висота штамба";"2";"471";"PA80-90см";"40";
"13";"Висота штамба";"2";"472";"PA110-120см";"41";
"13";"Висота штамба";"2";"482";"PА50см";"42";
"13";"Висота штамба";"2";"497";"PA60-70см";"43";
"13";"Висота штамба";"2";"519";"PA70-100см";"44";
"13";"Висота штамба";"2";"520";"PА160-200см";"45";
"13";"Висота штамба";"2";"521";"PА200-250см";"46";
"13";"Висота штамба";"2";"528";"PА130-140см";"47";
"13";"Висота штамба";"2";"529";"PА120-130см";"48";
"13";"Висота штамба";"2";"547";"PA65см";"49";
"13";"Висота штамба";"2";"550";"PA40-50см";"50";
"13";"Висота штамба";"2";"554";"PA85-100см";"51";
"13";"Висота штамба";"2";"555";"PA70-85см";"52";
"13";"Висота штамба";"2";"557";"PA70-90см";"53";
"13";"Висота штамба";"2";"560";"PA120-145см";"54";
"13";"Висота штамба";"2";"561";"PA80-95см";"55";
"13";"Висота штамба";"2";"566";"PA150-160см";"56";
"13";"Висота штамба";"2";"567";"PA95-110см";"57";
"13";"Висота штамба";"2";"569";"PA90-110см";"58";
"13";"Висота штамба";"2";"570";"PA95-105см";"59";
"13";"Висота штамба";"2";"572";"PA130-150см";"60";
"13";"Висота штамба";"2";"573";"PA150-170см";"61";
"13";"Висота штамба";"2";"589";"PA70-80см";"62";
"13";"Висота штамба";"2";"594";"PA20-40см";"63";
"13";"Висота штамба";"2";"597";"PA220-240см";"64";
"13";"Висота штамба";"2";"636";"PA160-170см";"65";
"13";"Висота штамба";"2";"650";"PA120-130см";"66";
"13";"Висота штамба";"2";"651";"PA140-150см";"67";
"13";"Висота штамба";"2";"662";"PA230см";"68";
"13";"Висота штамба";"2";"663";"PA250см";"69";
"13";"Висота штамба";"2";"664";"PA215-220см";"70";
"13";"Висота штамба";"2";"676";"PA50см";"71";
"7";"Висота";"3";"102";"H10-15см";"0";
"7";"Висота";"3";"100";"H15-20см";"1";
"7";"Висота";"3";"86";"H20-30см";"2";
"7";"Висота";"3";"55";"H20-40см";"3";
"7";"Висота";"3";"101";"H25-30см";"4";
"7";"Висота";"3";"162";"H30-35см";"5";
"7";"Висота";"3";"317";"H35-40см";"6";
"7";"Висота";"3";"94";"H30-40см";"7";
"7";"Висота";"3";"90";"H30-50см";"8";
"7";"Висота";"3";"93";"H35-45см";"9";
"7";"Висота";"3";"97";"H40+см";"10";
"7";"Висота";"3";"139";"H40-45см";"11";
"7";"Висота";"3";"56";"H40-60см";"12";
"7";"Висота";"3";"129";"H45-55см";"13";
"7";"Висота";"3";"98";"H50+см";"14";
"7";"Висота";"3";"140";"H50-55см";"15";
"7";"Висота";"3";"135";"H50-60см";"16";
"7";"Висота";"3";"126";"H50-70см";"17";
"7";"Висота";"3";"133";"H60-70см";"18";
"7";"Висота";"3";"57";"H60-80см";"19";
"7";"Висота";"3";"103";"H65-70см";"20";
"7";"Висота";"3";"138";"H70-90см";"21";
"7";"Висота";"3";"85";"H80-100см";"22";
"7";"Висота";"3";"91";"H90-100см";"23";
"7";"Висота";"3";"173";"H90-110см";"24";
"7";"Висота";"3";"96";"H95-105см";"25";
"7";"Висота";"3";"95";"H100-120см";"26";
"7";"Висота";"3";"92";"H100-130см";"27";
"7";"Висота";"3";"172";"H100-140см";"28";
"7";"Висота";"3";"136";"H110+см";"29";
"7";"Висота";"3";"81";"H110-120см";"30";
"7";"Висота";"3";"174";"H110-130см";"31";
"7";"Висота";"3";"58";"H120-140см";"32";
"7";"Висота";"3";"178";"H130-140см";"33";
"7";"Висота";"3";"130";"H140-150см";"34";
"7";"Висота";"3";"71";"H140-160см";"35";
"7";"Висота";"3";"131";"H160-165см";"36";
"7";"Висота";"3";"59";"H160-180см";"37";
"7";"Висота";"3";"106";"H180-200см";"38";
"7";"Висота";"3";"60";"H180-220см";"39";
"7";"Висота";"3";"167";"H200-220см";"40";
"7";"Висота";"3";"168";"H220-240см";"41";
"7";"Висота";"3";"75";"H220-250см";"42";
"7";"Висота";"3";"169";"H240-260см";"43";
"7";"Висота";"3";"84";"H250-350см";"44";
"7";"Висота";"3";"179";"H180-185см";"45";
"7";"Висота";"3";"180";"H160-170см";"46";
"7";"Висота";"3";"183";"H200-300см";"47";
"7";"Висота";"3";"184";"H150-200см";"48";
"7";"Висота";"3";"186";"H200-230см";"49";
"7";"Висота";"3";"187";"H250-300см";"50";
"7";"Висота";"3";"192";"H5-10см";"51";
"7";"Висота";"3";"193";"H0-5см";"52";
"7";"Висота";"3";"197";"H140-180см";"53";
"7";"Висота";"3";"198";"H280-320см";"54";
"7";"Висота";"3";"199";"H260-280см";"55";
"7";"Висота";"3";"200";"H40-50см";"56";
"7";"Висота";"3";"201";"H300-350см";"57";
"7";"Висота";"3";"205";"H70-80см";"58";
"7";"Висота";"3";"206";"H80-90см";"59";
"7";"Висота";"3";"209";"H220-280см";"60";
"7";"Висота";"3";"210";"H300+см";"61";
"7";"Висота";"3";"219";"H25см";"62";
"7";"Висота";"3";"224";"H20см";"63";
"7";"Висота";"3";"241";"H20-25см";"64";
"7";"Висота";"3";"262";"H350-400см";"65";
"7";"Висота";"3";"263";"H280-300см";"66";
"7";"Висота";"3";"270";"H200-250см";"67";
"7";"Висота";"3";"271";"H300-320см";"68";
"7";"Висота";"3";"273";"H320-340см";"69";
"7";"Висота";"3";"275";"H220+см";"70";
"7";"Висота";"3";"279";"H55-65см";"71";
"7";"Висота";"3";"302";"H25-35см";"72";
"7";"Висота";"3";"310";"H300-400см";"73";
"7";"Висота";"3";"311";"H160-200см";"74";
"7";"Висота";"3";"314";"H400-450см";"75";
"7";"Висота";"3";"315";"H100-110см";"76";
"7";"Висота";"3";"330";"H60-65см";"77";
"7";"Висота";"3";"331";"H45-50см";"78";
"7";"Висота";"3";"332";"H55-60см";"79";
"7";"Висота";"3";"341";"H200см";"80";
"7";"Висота";"3";"370";"H350-450см";"81";
"7";"Висота";"3";"389";"H350-380см";"82";
"7";"Висота";"3";"392";"H100-150см";"83";
"7";"Висота";"3";"393";"H120-150см";"84";
"7";"Висота";"3";"394";"H140-170см";"85";
"7";"Висота";"3";"395";"H170-200см";"86";
"7";"Висота";"3";"396";"H120-130см";"87";
"7";"Висота";"3";"403";"H20+см";"88";
"7";"Висота";"3";"410";"H120-160см";"89";
"7";"Висота";"3";"411";"H200+см";"90";
"7";"Висота";"3";"424";"H100+см";"91";
"7";"Висота";"3";"425";"H120+см";"92";
"7";"Висота";"3";"426";"H140+см";"93";
"7";"Висота";"3";"427";"H160+см";"94";
"7";"Висота";"3";"428";"H180+см";"95";
"7";"Висота";"3";"433";"H250+см";"96";
"7";"Висота";"3";"434";"H400+см";"97";
"7";"Висота";"3";"437";"H170-210см";"98";
"7";"Висота";"3";"440";"H150+см";"99";
"7";"Висота";"3";"441";"H125+см";"100";
"7";"Висота";"3";"442";"H60+см";"101";
"7";"Висота";"3";"443";"H70+см";"102";
"7";"Висота";"3";"444";"H80+см";"103";
"7";"Висота";"3";"445";"H90+см";"104";
"7";"Висота";"3";"446";"H130+см";"105";
"7";"Висота";"3";"448";"H30+см";"106";
"7";"Висота";"3";"464";"H150-160см";"107";
"7";"Висота";"3";"465";"H450+см";"108";
"7";"Висота";"3";"475";"H400-500см";"109";
"7";"Висота";"3";"476";"H450-500см";"110";
"7";"Висота";"3";"479";"H130-180см";"111";
"7";"Висота";"3";"481";"H130-160см";"112";
"7";"Висота";"3";"484";"H380-400см";"113";
"7";"Висота";"3";"485";"H340-360см";"114";
"7";"Висота";"3";"486";"H360-380см";"115";
"7";"Висота";"3";"487";"H70-75см";"116";
"7";"Висота";"3";"488";"H75-80см";"117";
"7";"Висота";"3";"495";"H350+см";"118";
"7";"Висота";"3";"496";"H500+см";"119";
"7";"Висота";"3";"517";"H60-100см";"120";
"7";"Висота";"3";"518";"H50-100см";"121";
"7";"Висота";"3";"522";"H90-120см";"122";
"7";"Висота";"3";"526";"H170-180см";"123";
"7";"Висота";"3";"527";"H600+см";"124";
"7";"Висота";"3";"530";"H500-600см";"125";
"7";"Висота";"3";"552";"H15-25см";"126";
"7";"Висота";"3";"553";"H15-30см";"127";
"7";"Висота";"3";"582";"H200-210см";"128";
"7";"Висота";"3";"583";"H160-210см";"129";
"7";"Висота";"3";"586";"H180-190см";"130";
"7";"Висота";"3";"587";"H190-200см";"131";
"7";"Висота";"3";"590";"H170+см";"132";
"7";"Висота";"3";"592";"H260-300см";"133";
"7";"Висота";"3";"604";"H80-120см";"134";
"7";"Висота";"3";"607";"H450-550см";"135";
"7";"Висота";"3";"621";"H500-550см";"136";
"7";"Висота";"3";"635";"H80-110см";"137";
"7";"Висота";"3";"648";"H700+см";"138";
"7";"Висота";"3";"653";"H125-150см";"139";
"7";"Висота";"3";"659";"H230-240см";"140";
"7";"Висота";"3";"667";"H175-180см";"141";
"7";"Висота";"3";"671";"H260+см";"142";
"7";"Висота";"3";"677";"H150-180см";"143";
"8";"Діаметр крони";"4";"123";"D5-10см";"0";
"8";"Діаметр крони";"4";"82";"D15-20см";"1";
"8";"Діаметр крони";"4";"83";"D20-30см";"2";
"8";"Діаметр крони";"4";"53";"D20-40см";"3";
"8";"Діаметр крони";"4";"318";"D25-30см";"4";
"8";"Діаметр крони";"4";"278";"D25-35см";"5";
"8";"Діаметр крони";"4";"118";"D30-40см";"6";
"8";"Діаметр крони";"4";"88";"D30-50см";"7";
"8";"Діаметр крони";"4";"87";"D40см";"8";
"8";"Діаметр крони";"4";"111";"D40-50см";"9";
"8";"Діаметр крони";"4";"54";"D40-60см";"10";
"8";"Діаметр крони";"4";"119";"D50-60см";"11";
"8";"Діаметр крони";"4";"122";"D50-70см";"12";
"8";"Діаметр крони";"4";"203";"D60-70см";"13";
"8";"Діаметр крони";"4";"113";"D60-80см";"14";
"8";"Діаметр крони";"4";"121";"D60-100см";"15";
"8";"Діаметр крони";"4";"114";"D70-80см";"16";
"8";"Діаметр крони";"4";"109";"D80-100см";"17";
"8";"Діаметр крони";"4";"272";"D100-120см";"18";
"8";"Діаметр крони";"4";"116";"D120-140см";"19";
"8";"Діаметр крони";"4";"319";"D30-35см";"20";
"8";"Діаметр крони";"4";"320";"D35-40см";"21";
"8";"Діаметр крони";"4";"321";"D40-45см";"22";
"8";"Діаметр крони";"4";"334";"D180-200см";"23";
"8";"Діаметр крони";"4";"369";"D45-55см";"24";
"8";"Діаметр крони";"4";"383";"D35-45см";"25";
"8";"Діаметр крони";"4";"388";"D45-50см";"26";
"8";"Діаметр крони";"4";"455";"D80+см";"27";
"8";"Діаметр крони";"4";"456";"D90-100см";"28";
"8";"Діаметр крони";"4";"459";"D40+см";"29";
"8";"Діаметр крони";"4";"460";"D50+см";"30";
"8";"Діаметр крони";"4";"461";"D60+см";"31";
"8";"Діаметр крони";"4";"462";"D70+см";"32";
"8";"Діаметр крони";"4";"463";"D100-110см";"33";
"8";"Діаметр крони";"4";"489";"D80-90см";"34";
"8";"Діаметр крони";"4";"498";"D70-90см";"35";
"8";"Діаметр крони";"4";"501";"D90+см";"36";
"8";"Діаметр крони";"4";"502";"D160-180см";"37";
"8";"Діаметр крони";"4";"505";"D280-300см";"38";
"8";"Діаметр крони";"4";"511";"D120-130см";"39";
"8";"Діаметр крони";"4";"512";"D130-140см";"40";
"8";"Діаметр крони";"4";"513";"D140-150см";"41";
"8";"Діаметр крони";"4";"516";"D110-120см";"42";
"8";"Діаметр крони";"4";"523";"D140-160см";"43";
"8";"Діаметр крони";"4";"524";"D220-240см";"44";
"8";"Діаметр крони";"4";"525";"D240-260см";"45";
"8";"Діаметр крони";"4";"531";"D200-220см";"46";
"8";"Діаметр крони";"4";"535";"D260-280см";"47";
"8";"Діаметр крони";"4";"540";"D120+см";"48";
"8";"Діаметр крони";"4";"556";"D15-25см";"49";
"8";"Діаметр крони";"4";"559";"D45-70см";"50";
"8";"Діаметр крони";"4";"568";"D20-35см";"51";
"8";"Діаметр крони";"4";"571";"D30-45см";"52";
"8";"Діаметр крони";"4";"596";"D110-130см";"53";
"8";"Діаметр крони";"4";"603";"D90-110см";"54";
"8";"Діаметр крони";"4";"619";"D150-160см";"55";
"8";"Діаметр крони";"4";"627";"D200-250см";"56";
"8";"Діаметр крони";"4";"642";"D20-25см";"57";
"8";"Діаметр крони";"4";"643";"D35см";"58";
"8";"Діаметр крони";"4";"644";"D10-15см";"59";
"2";"Колір";"5";"5";"Рожевий";"0";
"2";"Колір";"5";"4";"Блакитний";"2";
"2";"Колір";"5";"18";"Пурпуровий";"6";
"2";"Колір";"5";"20";"Червоний";"8";
"2";"Колір";"5";"78";"Білий";"10";
"2";"Колір";"5";"507";"Бузковий";"11";
"2";"Колір";"5";"508";"Синій";"12";
"2";"Колір";"5";"509";"Сірий";"13";
"2";"Колір";"5";"539";"Яскраво-червоний";"14";
"2";"Колір";"5";"562";"Жовтий";"15";
"2";"Колір";"5";"563";"Помаранчевий";"16";
"2";"Колір";"5";"632";"Ягуар";"17";
"2";"Колір";"5";"633";"Солома";"18";
"21";"Назва Газону";"6";"284";"Трава газонна DLF 'ROBUSTICA' - Універсальна";"0";
"21";"Назва Газону";"6";"285";"Трава газонна DLF 'PARK' - Паркова";"1";
"21";"Назва Газону";"6";"412";"DLF TRIFOLIUM 'SUN'";"5";
"5";"Фракція";"7";"249";"4-9см";"1";
"5";"Фракція";"7";"248";"1-3см";"7";
"6";"Клас";"8";"37";"Екстра";"0";
"6";"Клас";"8";"584";"Потребує погодження";"2";
"6";"Клас";"8";"387";"Екстра багатоверхий";"4";
"6";"Клас";"8";"608";"Школовано";"5";
"6";"Клас";"8";"628";"Живопліт";"6";
"10";"Габітус";"9";"63";"Стволясте з 2 кулями";"1";
"10";"Габітус";"9";"62";"Стволясте з 1 кулею";"2";
"10";"Габітус";"9";"64";"Стволясте з 3 кулями";"3";
"10";"Габітус";"9";"65";"Спіралевидна стрижка";"4";
"10";"Габітус";"9";"66";"Пірамідальна стрижка";"5";
"10";"Габітус";"9";"68";"Формоване";"7";
"10";"Габітус";"9";"69";"Бонсай";"8";
"10";"Габітус";"9";"72";"На штамбі";"9";
"10";"Габітус";"9";"264";"Напівштамб";"10";
"10";"Габітус";"9";"265";"Мультиштамб";"11";
"10";"Габітус";"9";"291";"Спіралевидна стрижка, Шар";"12";
"10";"Габітус";"9";"293";"Куб";"13";
"10";"Габітус";"9";"399";"Тоскана";"15";
"10";"Габітус";"9";"404";"Куля";"16";
"10";"Габітус";"9";"406";"DECO";"17";
"10";"Габітус";"9";"423";"Чупа-Чупс";"18";
"10";"Габітус";"9";"466";"Нівакі пом-пом";"19";
"10";"Габітус";"9";"474";"Нівакі ";"20";
"10";"Габітус";"9";"477";"Формоване х3";"21";
"10";"Габітус";"9";"478";"Формоване х2";"22";
"10";"Габітус";"9";"500";"Конус";"23";
"10";"Габітус";"9";"510";"Багатоверхівковий";"24";
"10";"Габітус";"9";"620";"Пом-пом";"25";
"10";"Габітус";"9";"622";"Парасолька";"26";
"10";"Габітус";"9";"634";"Косичка";"27";
"11";"Вік";"10";"171";"2-2.5р";"1";
"11";"Вік";"10";"170";"1-1.5р";"3";
"11";"Вік";"10";"450";"3р";"5";
"11";"Вік";"10";"542";"2р";"6";
"11";"Вік";"10";"544";"1р";"7";
"11";"Вік";"10";"564";"4-5р";"8";
"11";"Вік";"10";"565";"5-6р";"9";
"11";"Вік";"10";"615";"6-7р";"10";
"12";"Стать";"11";"124";"Чол.";"0";
"12";"Стать";"11";"125";"Жін.";"1";
"15";"Бруньки/гілки";"12";"182";"2-3 бр.";"0";
"15";"Бруньки/гілки";"12";"401";"4-5 бр.";"1";
"15";"Бруньки/гілки";"12";"407";"3-5 бр.";"2";
"18";"Об'єм";"13";"242";"50л";"0";
"18";"Об'єм";"13";"629";"5л";"0";
"18";"Об'єм";"13";"243";"80л";"1";
"18";"Об'єм";"13";"630";"12л";"1";
"18";"Об'єм";"13";"244";"7л";"2";
"18";"Об'єм";"13";"631";"20л";"2";
"18";"Об'єм";"13";"251";"100мл";"3";
"18";"Об'єм";"13";"252";"200мл";"4";
"18";"Об'єм";"13";"673";"10л";"5";
"19";"Вага";"14";"245";"2кг";"0";
"19";"Вага";"14";"246";"14кг";"1";
"19";"Вага";"14";"247";"28кг";"2";
"19";"Вага";"14";"253";"1кг";"4";
"19";"Вага";"14";"344";"0,2 кг";"5";
"22";"Номінал";"15";"296";"500 грн";"0";
"22";"Номінал";"15";"297";"1000 грн";"1";
"22";"Номінал";"15";"298";"2000 грн";"2";
"22";"Номінал";"15";"329";"3000 грн";"4";
"22";"Номінал";"15";"409";"700 грн";"5";
"22";"Номінал";"15";"436";"5000 грн";"6";
"22";"Номінал";"15";"499";"7000 грн";"7";
"25";"Рік виготовлення";"16";"430";"2021";"1";
"25";"Рік виготовлення";"16";"431";"2022";"2";
"26";"К-сть гілок/куль";"17";"468";"5-6";"1";
"26";"К-сть гілок/куль";"17";"469";"7-11";"2";
"26";"К-сть гілок/куль";"17";"473";"7-9";"3";
"26";"К-сть гілок/куль";"17";"610";"6-9";"4";
"26";"К-сть гілок/куль";"17";"611";"8-12";"5";
"26";"К-сть гілок/куль";"17";"612";"10-18";"6";
"26";"К-сть гілок/куль";"17";"613";"12-16";"7";
"26";"К-сть гілок/куль";"17";"614";"25-30";"8";
"28";"Розмір (S, M, L)";"18";"536";"S - (35-38р)";"0";
"28";"Розмір (S, M, L)";"18";"537";"M - (38-41р)";"1";
"28";"Розмір (S, M, L)";"18";"538";"L - (42-45р)";"2";
"29";"Екстра";"19";"541";"Імпорт";"0";
"29";"Екстра";"19";"646";"Викопано";"1";
"30";"Ширина";"20";"588";"W120-140см";"0";
"30";"Ширина";"20";"598";"W200-220см";"1";
"30";"Ширина";"20";"599";"W160-180см";"2";
"30";"Ширина";"20";"600";"W260-280см";"3";
"30";"Ширина";"20";"601";"W240-260см";"4";
"30";"Ширина";"20";"616";"W100-120см";"5";
"30";"Ширина";"20";"617";"W80-100см";"6";
"30";"Ширина";"20";"618";"W350-400см";"7";
"30";"Ширина";"20";"625";"W140-160см";"8";
"30";"Ширина";"20";"626";"W180-200см";"9";
"30";"Ширина";"20";"660";"W200см";"10";
"30";"Ширина";"20";"668";"W180см";"11";
"30";"Ширина";"20";"669";"W140см";"12";
"30";"Ширина";"20";"672";"W260+см";"13";